stop_id,stop_sequence,stop_lat,stop_lon
STOP_1,1,53.72578273581886,-0.4562006403308794
STOP_2,2,53.72768066148826,-0.4507290414632893
STOP_3,3,53.72872797509216,-0.4476069882809486
