stop_id,shape_id,stop_sequence,stop_lat,stop_lon
STOP_1,SHAPE_1,1,53.74012613761355,-0.569491910428921
STOP_2,SHAPE_1,2,53.735214390866375,-0.5612360856182731
STOP_3,SHAPE_1,3,53.73309467427819,-0.5496650444407969
