shape_id,shape_pt_sequence,shape_pt_lat,shape_pt_lon
SHAPE_1,0,53.725725606293295,-0.45617918292069076
SHAPE_1,1,53.72615090201053,-0.45499902536035425
SHAPE_1,2,53.726525412587726,-0.4539905270815271
SHAPE_1,3,53.72715382114645,-0.45208081757479596
SHAPE_1,4,53.727839347044565,-0.4500423636069529
SHAPE_1,5,53.728429652056136,-0.4483364994970241
SHAPE_1,6,53.728696238699584,-0.4474996604997062
